dunsNum,dunsName,DNB_LINK
148015845,"CP&y, Inc.",
605485861,"Arista Business Imaging Solutions, Inc.",
783598485,EXECUTEAM CORPORATION,
58168600,Premier Oil & Gas Inc,https://www.dnb.com/business-directory/company-profiles.premier_oil__gas_inc.b5587d21bec694ccd2117cd3a7065421.html
20825064,Best Capital Funding,
147215909,"Vista Industrial Packaging, LLC",
147470707,"Bema Electronic Manufacturing, Inc.",
7150212,"S&S Quality Meats, LLC",https://www.dnb.com/business-directory/company-profiles.ss_quality_meats_llc.85c49de5f98ec75b6d91744a443e8fab.html
135681992,"Diamond Display Group, Inc.",
183113885,"Gordon Document Products, Inc.",
